Model,Val Accuracy,Val Precision,Val Recall,Val F1,Test Accuracy,Test Precision,Test Recall,Test F1
SVM,0.9004739336492891,0.9047619047619048,0.6909090909090909,0.7835051546391752,0.919431279620853,0.7931034482758621,0.6764705882352942,0.7301587301587301
Decision Tree,0.8957345971563981,0.8367346938775511,0.7454545454545455,0.7884615384615384,0.9146919431279621,0.7352941176470589,0.7352941176470589,0.7352941176470589
KNN,0.8625592417061612,0.825,0.6,0.6947368421052632,0.8909952606635071,0.6896551724137931,0.5882352941176471,0.6349206349206349
Logistic Regression,0.8862559241706162,0.8780487804878049,0.6545454545454545,0.75,0.8909952606635071,0.7037037037037037,0.5588235294117647,0.6229508196721312
